# trigger ridondanza

DROP TRIGGER IF EXISTS rid_numero_unita_cantina;

DELIMITER $$

CREATE TRIGGER rid_numero_unita_cantina
AFTER INSERT ON COLLOCAZIONE_CANTINA
FOR EACH ROW
BEGIN 

	UPDATE CANTINA
	SET NumeroUnita = NumeroUnita + 1
	WHERE Codice = NEW.Cantina;

END $$
DELIMITER ;


DROP TRIGGER IF EXISTS rid_numero_unita_magazzino;

DELIMITER $$

CREATE TRIGGER rid_numero_unita_magazzino
AFTER INSERT ON COLLOCAZIONE_MAGAZZINO
FOR EACH ROW
BEGIN

	UPDATE MAGAZZINO
	SET NumeroUnita = NumeroUnita + 1
	WHERE Codice = NEW.Magazzino;

END $$
DELIMITER ;


### inserimenti

insert into ACQUA (VitaminaB, VitaminaC, VitaminaH, Ferro, Calcio, Magnesio, Potassio) values
(4.2, 1.5, 1.3, 3.2, 34.10, 5.20, 0.45),
(1.2, 5.5, 1.2, 3.6, 32.10, 4.70, 0.75),
(2.1, 1.3, 6.1, 2.9, 33.30, 3.90, 0.55),
(1.2, 1.5, 1.3, 3.3, 33.90, 5.10, 0.65),
(3.4, 3.4, 3.6, 3.6, 35.00, 4.20, 0.45);

insert into SERVIZIO_AGGIUNTIVO values
('Colazione in camera', 15, NULL),
('Aperitivo in camera', 15, NULL),
('Servizio di trasporto', 5, NULL),
('Check-in anticipato', 10, NULL),
('Late check-out', 20, NULL);

insert into AGGIUNTA values
('Colazione in camera', 021, 1),
('Aperitivo in camera', 024, 1),
('Servizio di trasporto', 027, 2),
('Check-in anticipato', 028, 1),
('Aperitivo in camera', 030, 1);

insert into AGRITURISMO (Citta, NumeroTelefono, Via) values
('Pisa', 050292041, 'Leonardo Da Vinci 33'),
('Livorno', 0586222324, 'Alcide De Gasperi 18'),
('Pistoia', 0573112532, 'Del Risorgimento 21'),
('Lucca', 0583567893, 'Della Rivoluzione 12'),
('Pisotia', 0573152020, 'Enrico Fermi 28');

insert into ALLESTIMENTO (Tipologia, NumeroCondizionatori, NumeroDispositiviIlluminazione, NumeroMangiatoie, NumeroAbbeveratoi) values
('Bovino', 2, 2, 3, 3),
('Bovino', 3, 3, 4, 4),
('Bovino', 4, 4, 5, 5),
('Ovino', 2, 2, 3, 3),
('Ovino', 3, 3, 4, 4),
('Ovino', 4, 4, 5, 5),
('Caprino', 2, 2, 3, 3),
('Caprino', 3, 3, 4, 4),
('Caprino', 4, 4, 5, 5);

insert into AREA values
(001, 001),
(002, 001),
(003, 001),
(004, 001),
(005, 001),
(001, 002),
(002, 002),
(003, 002),
(004, 002),
(005, 002),
(001, 003),
(002, 003),
(003, 003),
(004, 003),
(005, 003),
(001, 004),
(002, 004),
(003, 004),
(004, 004),
(005, 004),
(001, 005),
(002, 005),
(003, 005),
(004, 005),
(005, 005);

insert into ATTIVITA (OraInizio, Area, Agriturismo, OrarioRientro) values
('07:00:00', 001, 001, '10:00:00'),
('07:00:00', 001, 002, '10:00:00'),
('07:00:00', 001, 003, '10:00:00'),
('07:00:00', 001, 004, '10:00:00'),
('07:00:00', 001, 005, '10:00:00'),
('14:00:00', 001, 001, '16:00:00'),
('14:00:00', 001, 002, '16:00:00'),
('14:00:00', 001, 003, '16:00:00'),
('14:00:00', 001, 004, '16:00:00'),
('14:00:00', 001, 005, '16:00:00'),
('07:00:00', 002, 001, '10:00:00'),
('07:00:00', 002, 002, '10:00:00'),
('07:00:00', 002, 003, '10:00:00'),
('07:00:00', 002, 004, '10:00:00'),
('07:00:00', 002, 005, '10:00:00'),
('14:00:00', 002, 001, '16:00:00'),
('14:00:00', 002, 002, '16:00:00'),
('14:00:00', 002, 003, '16:00:00'),
('14:00:00', 002, 004, '16:00:00'),
('14:00:00', 002, 005, '16:00:00');

insert into CANTINA (Agriturismo) values
(001),
(001),
(002),
(002),
(003),
(003),
(004),
(004),
(005),
(005);

insert into DIPENDENTE (Nome, Cognome) values
('Mario', 'Verdi'),
('Luca', 'Rossi'),
('Anna', 'Bianchi'),
('Francesca', 'Bernardi'),
('Camillo', 'Del Rosso'),
('Franco', 'Benvenuto'),
('Giovanna', 'Berardi'),
('Francesco', 'Monteschi'),
('Marco', 'Franceschi'),
('Grazia', 'Monti');

insert into ESAME (Macchinario, Descrizione) values
(NULL, 'Esame del sangue'),
('Ecografo', 'Esame ecografico'),
('Macchina radiogena', 'Esame radiologico'),
(NULL, 'Palpazione addominale'),
(NULL, 'Diagnosi manuale');

insert into FORNITORE values
(123456789123, 'Europa 12', 'Bestiame spa', 'Franco', 'Verdi'),
(987654321023, 'Italia 27', 'AnimalPlanet snc', 'Martina', 'Granchi'),
(112234564325, 'Della Repubblica 15', 'TuttoAnimali srl', 'Simone', 'Rossi'),
(123456642247, 'Palmiro Togliatti 25', 'Zooland snc', 'Marco', 'Grnavia'),
(134758902018, 'Popolare 22', 'Allevamenti srl', 'Giorgia', 'Manzi');

insert into GUIDA values 
('RSSLCU80A01G702S', 'Luca', 'Rossi'),
('VRDMRA74A01E625G', 'Mario', 'Verdi'),
('BNCMRT90H57G713S', 'Marta', 'Bianchi'),
('FMGVCN77D11F205E', 'Vincenzo', 'Fumagalli'),
('GLIMTN83E14H501P', 'Giualia', 'Martini');

insert into ESCURSIONE (Guida, Giorno, OraInizio, Costo)values
('RSSLCU80A01G702S', 'Lunedi', '10:00:00', 20),
('VRDMRA74A01E625G', 'Martedi', '10:00:00', 20),
('BNCMRT90H57G713S', 'Mercoledi', '09:00:00', 20),
('FMGVCN77D11F205E', 'Giovedi', '09:00:00', 15),
('GLIMTN83E14H501P', 'Venerdi', '10:00:00', 15),
('RSSLCU80A01G702S', 'Sabato', '10:00:00', 15),
('VRDMRA74A01E625G', 'Domenica', '09:00:00', 20),
('BNCMRT90H57G713S', 'Sabato', '15:00:00', 20),
('FMGVCN77D11F205E', 'Domenica', '15:00:00', 20),
('GLIMTN83E14H501P', 'Venerdi', '14:00:00', 15);

insert into IMPIANTO_CONDIZIONAMENTO (Cantina) values 
(010),
(009),
(008),
(007),
(006),
(005),
(004),
(003),
(002),
(001);

insert into LABORATORIO (Agriturismo) values
(001),
(002),
(003),
(004),
(005);

insert into LATTE (Grassi, Carboidrati, Proteine, Energia) values
(3.6, 4.9, 3.9, 63),
(1.5, 4.9, 3.6, 45),
(0.6, 4.5, 3.3, 36),
(2.9, 4.3, 3.5, 52);

insert into LOCAZIONE values
(002, 001, 001, '01:00:00'),
(002, 002, 001, '01:00:00'),
(002, 003, 001, '00:30:00'),
(002, 004, 001, '00:30:00'),
(002, 005, 001, '01:00:00'),
(004, 001, 002, '01:00:00'),
(004, 002, 002, '02:00:00'),
(004, 003, 002, '02:00:00'),
(004, 004, 002, '02:00:00'),
(004, 005, 002, '01:00:00'),
(001, 001, 003, '01:00:00'),
(001, 002, 003, '00:30:00'),
(001, 003, 003, '00:30:00'),
(001, 004, 003, '00:30:00'),
(001, 005, 003, '01:00:00');

insert into LOTTO (Data, Scadenza, Laboratorio) values
('2018-01-23', '2018-02-15', 001),
('2018-02-12', '2018-03-01', 002),
('2018-03-27', '2018-04-12', 003),
('2018-04-02', '2018-04-20', 004),
('2018-05-16', '2018-06-02', 005),
('2018-06-04', '2018-06-14', 006),
('2018-07-17', '2018-08-03', 007),
('2018-08-14', '2018-09-01', 008),
('2018-09-26', '2018-10-15', 009),
('2018-10-27', '2018-11-15', 010),
('2018-11-15', '2018-11-30', 009),
('2018-12-05', '2019-01-10', 008),
('2019-01-15', '2019-02-07', 007),
('2019-02-12', '2019-02-28', 006),
('2019-03-15', '2019-04-10', 005),
('2019-04-27', '2019-05-13', 004),
('2019-05-16', '2019-06-02', 003),
('2019-06-16', '2019-07-01', 002),
('2019-07-23', '2019-08-17', 001),
('2019-08-15', '2019-09-20', 010);

insert into LAVORATORE values
(001, 001),
(002, 001),
(003, 001),
(004, 001),
(005, 002),
(006, 002),
(007, 003),
(008, 003),
(009, 003),
(010, 003),
(001, 003),
(002, 004),
(003, 004),
(004, 004),
(005, 005),
(006, 005),
(007, 005),
(008, 006),
(009, 006),
(010, 006);

insert into MAGAZZINO (Agriturismo) values
(001),
(003),
(002),
(005),
(003),
(002),
(001),
(005),
(004),
(004);

insert into MUNGITRICE (Area, Agriturismo, Modello, Marca) values
(001, 001, 'SP0012', 'Royal'),
(002, 001, 'SP3400', 'Royal'),
(003, 001, 'SP5321', 'Royal'),
(004, 001, 'AA0012', 'Alfa'),
(001, 002, 'AA0012', 'Alfa'),
(002, 002, 'SP0012', 'Royal'),
(003, 002, 'SP3312', 'Royal'),
(004, 002, 'SP5562', 'Royal'),
(001, 003, 'SP2342', 'Royal'),
(002, 003, 'AA0012', 'Alfa'),
(003, 003, 'FC0012', 'NULL'),
(004, 003, 'SP0012', 'Royal'),
(001, 004, 'SP2343', 'Royal'),
(002, 004, 'SP3454', 'Royal'),
(003, 004, 'AA0312', 'Alfa'),
(004, 004, 'SP0012', 'Royal'),
(001, 005, 'DC0212', 'NULL'),
(002, 005, 'GR2312', 'NULL'),
(003, 005, 'AF0212', 'Alfa'),
(004, 005, 'SP2312', 'Royal');

insert into PAGAMENTO (Prenotazione, TipoPagamento, Orario, Importo) values
(001, 'Contanti', '2019-02-05 09:30:06', 120),
(002, 'Carta', '2019-01-27 09:35:02', 210),
(003, 'PayPal', '2019-10-29 09:28:06', 630),
(004, 'Contanti', '2019-10-20 09:22:04', 400),
(005, 'Carta', '2019-10-15 09:37:25', 390),
(006, 'Paypal', '2019-02-22 09:14:12', 210),
(007, 'Contanti', '2019-02-28 09:30:06', 400),
(008, 'Carta', '2019-10-05 09:45:22', 150),
(009, 'Paypal', '2019-09-30 09:32:12', 300),
(010, 'Contanti', '2019-04-20 09:31:58', 320),
(011, 'Carta', '2019-04-23 21:25:23', 120),
(012, 'Carta', '2019-04-29 13:03:59', 60),
(013, 'PayPal', '2019-05-06 15:12:00', 100),
(014, 'Carta', '2019-05-18 16:22:00', 120),
(015, 'Carta', '2019-06-12 17:32:00', 100),
(016, 'PayPal', '2019-07-26 18:42:00', 90),
(017, 'Carta', '2019-07-30 19:52:00', 60),
(018, 'Carta', '2019-08-02 20:02:00', 135),
(019, 'PayPal', '2019-08-06 21:12:15', 320),
(020, 'Carta', '2019-08-08 22:22:17', 280),
(011, 'Carta', '2019-09-28 09:32:06', 120),
(012, 'Carta', '2019-08-30 09:21:12', 60),
(013, 'PayPal', '2019-05-14 09:34:16', 100),
(014, 'Carta', '2019-08-24 09:23:34', 120),
(015, 'Carta', '2019-08-20 09:25:42', 100),
(016, 'PayPal', '2019-06-24 09:26:24', 90),
(017, 'Carta', '2019-08-17 09:25:06', 60),
(018, 'Carta', '2019-08-24 09:32:53', 135),
(019, 'PayPal', '2019-09-05 09:30:24', 320),
(020, 'Carta', '2019-09-10 09:31:53', 280),
(021, 'Carta', '2019-08-17 09:32:06', 15),
(022, 'Carta', '2019-08-20 09:21:12', 20),
(023, 'Carta', '2019-08-24 09:34:16', 15),
(024, 'Carta', '2019-08-30 09:23:34', 15),
(025, 'Carta', '2019-09-28 09:25:42', 20),
(026, 'PayPal', '2019-09-30 09:26:24', 15),
(027, 'Carta', '2019-10-05 09:25:06', 10),
(028, 'Carta', '2019-10-15 09:32:53', 10),
(029, 'Contanti', '2019-10-20 09:30:24', 15),
(030, 'PayPal', '2019-10-29 09:31:53', 15);

insert into FORAGGIO (Fibre, Energia, Proteine, Glucidi, ErbaMedica, Lupinella, FruttaVaria, Avena, Tipo) values
(475, 5, 190, 0, 2, NULL, 3, 5, 'Fresco'),
(455, 7, 188, 1, 5, 7, 3, 4, 'Fresco'),
(465, 5, 189, 0, 2, 2, 6, NULL, 'Insilato'),
(435, 4, 184, 2, 7, 8, 9, 7, 'Insilato'),
(464, 6, 191, 0, 0, 1, 2, 4, 'Fieno'),
(479, 5, 192, 0, 2, 4, 1, 5, 'Fieno'),
(443, 5, 188, 1, 0, 3, 5, 3, 'Fresco'),
(467, 7, 190, 0, 2, 5, 3, 6, 'Insilato'),
(445, 6, 192, 0, 2, 5, 7, 5, 'Fresco'),
(488, 5, 189, 1, 1, 4, 7, 9, 'Insilato');

insert into CLIENTE_REGISTRATO (Nome, Cognome, Indirizzo, CodiceDocumento, CodiceCartaCredito, AccountPayPal) values
('Mario', 'Rossi', 'Africa 12', 'CA1234AT', 1234123412341234, 'mariorossi12'),
('Luca', 'Verdi', 'Italia 23', 'CA4321AT', 1584678543678764, 'lucaverdi23'),
('Giulia', 'Bianchi', 'Della Costituzione 25', 'CA4964AT', 1940359684302195, 'giuliabianchi25'),
('Enrico', 'Fabbri', 'Grande 24', 'CA4039AT', 1940325960234561, 'enricofabbri24'),
('Martina', 'Ferrari', 'Del Commercio 76', 'CA2910AT', 1940356912045968, 'martinaferrari76'),
('Fabrizio', 'Del Rosso', 'Della carta 20', 'CA1267AT', 1039504246958421, 'fabriziodelrosso20'),
('Marco', 'Grandi', 'Delle case nuove 22', 'CA4577AT', 1929339405392111, 'marcograndi22'),
('Fabio', 'Rossi', 'Popolare 79', 'CA5930AT', 1930323455663211, 'fabiorossi79'),
('Alessandro', 'Franchi', 'Europa 23', 'CA2904AT', 1948018488590290, NULL),
('Veronica', 'Del Corso', 'Cavour 93', 'CA2940AT', 1892094829134588, 'veronicadelcorso93'),
('Andrea', 'Botrini', 'De Gasperi 45', 'CA3849AT', 1234885324577432, 'andreabotrini45'),
('Christian', 'Scali', 'Del commercio 98', 'CA9881AT', 1829834729183084, NULL),
('Giovanni', 'Guagliardo', 'America 22', 'CA1839AT', 2873819377911999, 'giovanniguagliardo22'),
('Aurora', 'Nicosia', 'Nardoni 70', 'CA1983AT', 3819183819890123, 'auroranicosia70'),
('Andrea', 'Sani', 'Milano 24', 'CA1891AT', 2891847148899934, 'andreasani24');
 
insert into CLIENTE_NON_REGISTRATO (CodiceCartaCredito, AccountPayPal) values
(4920184928192018, 'andreameucci4'),
(NULL, 'gianlucagorini2'),
(2819484928128488, NULL),
(3718472618461833, 'giorgiagasperini1'),
(3891847291845728, NULL),
(8392821788348291, 'ireneminuti10'),
(8989184758172455, 'marcodelpivo8'),
(3781989409175891, 'francarossi23'),
(1873761651543677, 'fabriziograndi2'),
(2918476658918904, NULL),
(8772755167781904, 'gianpaoloverdi23'),
(NULL, 'aurorabianchi1'),
(2781148198490177, 'frnacomandolfi93'),
(2728909471894810, NULL),
(2882197019373198, 'pietrododici12');

insert into PATOLOGIA values
(001),
(002),
(003),
(004),
(005),
(006),
(007),
(008),
(009),
(010),
(011),
(012),
(013),
(014),
(015),
(016),
(017),
(018),
(019),
(020),
(021),
(022),
(023),
(024),
(025);

insert into CARENZA values
(021, 'Silenio'),
(022, 'Vitamina'),
(023, 'Ferro'),
(024, 'Magnesio'),
(025, 'Calcio');

insert into PRENOTAZIONE (Data) values
('2019-01-04 11:09:07'),
('2019-01-18 15:03:54'),
('2019-01-22 13:32:34'),
('2019-01-24 17:09:52'),
('2019-01-27 18:00:01'),
('2019-02-11 19:27:15'),
('2019-02-15 03:24:56'),
('2019-03-28 22:18:10'),
('2019-04-04 23:40:03'),
('2019-04-10 20:15:23'),
('2019-04-23 21:22:23'),
('2019-04-29 12:59:59'),
('2019-05-06 15:10:00'),
('2019-05-18 16:20:00'),
('2019-06-12 17:30:00'),
('2019-07-26 18:40:00'),
('2019-07-30 19:50:00'),
('2019-08-02 20:00:00'),
('2019-08-06 21:10:15'),
('2019-08-08 22:20:17'),
('2019-08-14 23:30:46'),
('2019-08-18 00:01:32'),
('2019-08-20 01:00:24'),
('2019-08-26 14:27:25'),
('2019-09-23 13:10:21'),
('2019-09-28 11:10:31'),
('2019-10-01 18:15:00'),
('2019-10-02 11:24:23'),
('2019-10-12 11:16:21'),
('2019-10-22 19:08:05');

insert into PRENOTAZIONE_ATTIVITA values
(022, 002),
(023, 005),
(025, 001),
(026, 004),
(029, 010);

insert into PRENOTAZIONE_CR values
(001, 0001),
(002, 0002),
(003, 0003),
(004, 0004),
(005, 0005),
(006, 0006),
(007, 0007),
(008, 0008),
(009, 0009),
(010, 0010);

insert into PRENOTAZIONE_CNR values
(011, 0001),
(012, 0002),
(013, 0003),
(014, 0004),
(015, 0005),
(016, 0006),
(017, 0007),
(018, 0008),
(019, 0009),
(020, 0010);

insert into PRODOTTO values
('Pecorino stagionato', 'Dura', 30, 'Lazio', 6),
('Ricotta', 'Molle', 10, NULL, NULL),
('Burro', 'Molle', 120, NULL, NULL),
('Yogurt', 'Molle', 30, NULL, NULL),
('Mozzarella', 'Molle', 6, 'Campania', NULL),
('Burrata', 'Molle', 6, 'Puglia', NULL),
('Treccia', 'Molle', 6, NULL, NULL),
('Scamorza', 'Dura', 10, 'Calabria', NULL),
('Pecorino fresco', 'Dura', 30, NULL, NULL),
('Provola', 'Dura', 10, NULL, NULL);

insert into RECINZIONE (LatitudineInizio, LatitudineFine, LongitudineInizio, LongitudineFine, Tipo) values
(15.65400, 15.65500, 30.65500, 30.65500, 'Fissa'),
(15.65500, 15.65500, 30.65500, 30.65600, 'Mobile'),
(15.65500, 15.65400, 30.65600, 30.65600, 'Mobile'),
(15.65400, 15.65400, 30.65600, 30.65500, 'Fissa'),
(15.23451, 15.23455, 30.67890, 30.67890, 'Fissa'),
(15.23455, 15.23455, 30.67890, 30.67894, 'Mobile'),
(15.23455, 15.23451, 30.67894, 30.67894, 'Mobile'),
(15.23451, 15.23451, 30.67894, 30.67890, 'Fissa'),
(15.23451, 15.23455, 30.67895, 30.67898, 'Fissa'),
(15.23455, 15.23451, 30.67898, 30.67902, 'Mobile'),
(15.23451, 15.23451, 30.67902, 30.67895, 'Fissa');

insert into DELIMITAZIONE values
(001, 001, 001),
(001, 001, 002),
(001, 001, 003),
(001, 001, 004),
(001, 002, 005),
(001, 002, 006),
(001, 002, 007),
(001, 002, 008),
(001, 003, 009),
(001, 003, 010),
(001, 003, 011);

insert into RICETTA values
(001, 'Pecorino Stagionato',  20, 35, 60, 'Coagulazione del latte e rottura della cagliata'),
(002, 'Pecorino Stagionato', 25, 35, 120, 'Formatura'),
(003, 'Pecorno Stagionato', 30, 35, 190, 'Spurgo del siero'),
(001, 'Yogurt', 300, 50, 60, 'Pastorizzazione'),
(002, 'Yogurt', 120, 40, 60, 'Fermentazione'),
(003, 'Yogurt', 130, 25, 60, 'Travaso'),
(001, 'Mozzarella', 25, 25, 60, 'Filtraggio del latte'),
(002, 'Mozzarella', 60, 35, 60, 'Coagulazione del latte e rottura della cagliata'),
(003, 'Mozzarella', 25, 25, 30, 'Filatura'),
(004, 'Mozzarella', 15, 25, 120, 'Formatura'),
(001, 'Burrata', 20, 35, 25, 'Riscaldamento del latte'),
(002, 'Burrata', 30, 25, 60, 'Coagulazione'),
(003, 'Burrata', 40, 20, 30, 'Formatura e raffreddamento'),
(004, 'Burrata', 15, 20, 15, 'Salatura'),
(001, 'Treccia', 20, 35, 60, 'coagulazione del latte e rottura della cagliata'),
(002, 'Treccia', 30, 35, 50, 'Spurgo del siero'),
(003, 'Treccia', 25, 25, 30, 'Filatura e formatura');

insert into RIMEDIO values
('Curofen', 'Farmaco', 1, NULL, 7),
('Plenix', 'Farmaco', 2, '2 pasticche a distanza di 12 ore', 10),
('Bihor', 'Farmaco', 3, '2 pasticche la mattina e 1 la sera', 7),
('Bogras', 'Farmaco', 1, '20ml al giorno', 7),
('Boviferm', 'Farmaco', 0.5, '1 compressa a gironi alterni', 10),
('Bovikalc', 'Farmaco', 1, NULL, 7),
('Biurto', 'Integratore',1, NULL, 10),
('Colostro', 'Integratore', 1, '30ml al giorno', 10),
('HappyVit', 'Integratore', 2, NULL, 7),
('Hagen', 'Integratore', 2, '1 somministrazione ogni 12 ore', 10),
('Ketovital', 'Integratore', 1, NULL, 7);

insert into SCAFFALE_CANTINA values
(001, 001, 10),
(002, 001, 10),
(003, 001, 10),
(004, 001, 10),
(005, 001, 10),
(006, 001, 10),
(007, 001, 10),
(008, 001, 10),
(009, 001, 10),
(010, 001, 15),
(001, 002, 15),
(002, 002, 15),
(003, 002, 15),
(004, 002, 15),
(005, 002, 15),
(006, 002, 15),
(007, 002, 15),
(008, 002, 15),
(009, 002, 15),
(010, 002, 15);

insert into SCAFFALE_MAGAZZINO values
(001, 001, 10),
(002, 001, 10),
(003, 001, 10),
(004, 001, 10),
(005, 001, 10),
(006, 001, 10),
(007, 001, 10),
(008, 001, 10),
(009, 001, 10),
(010, 001, 15),
(001, 002, 15),
(002, 002, 15),
(003, 002, 15),
(004, 002, 15),
(005, 002, 15),
(006, 002, 15),
(007, 002, 15),
(008, 002, 15),
(009, 002, 15),
(010, 002, 15);

insert into SILOS (QuantitaMax, Agriturismo) values
(200, 001),
(200, 001),
(200, 002),
(300, 002),
(300, 003),
(300, 003),
(400, 004),
(400, 004),
(400, 005),
(200, 005),
(200, 001),
(300, 002),
(300, 003),
(400, 004),
(400, 005);

insert into COMPOSIZIONE (Silos, Lotto, DataInvio) values
(001, 001, '2019-07-10 10:00:00'),
(001, 002, '2019-07-13 10:00:00'),
(002, 003, '2019-05-10 10:00:00'),
(002, 004, '2019-05-25 10:00:00'),
(001, 007, '2019-09-25 10:00:00');

insert into STALLA (Zona, Agriturismo) values
(001, 001),
(001, 001),
(002, 001),
(002, 001),
(002, 005),
(002, 002),
(002, 002),
(002, 002),
(002, 002),
(002, 005),
(002, 003),
(002, 003),
(002, 003),
(002, 003),
(002, 005),
(002, 004),
(002, 004),
(002, 004),
(002, 004),
(002, 005);

insert into STANZA values
(101, 001, 1, 0, 'Semplice', 30),
(102, 001, 1, 0, 'Semplice', 30),
(103, 001, 1, 1, 'Suite', 70),
(101, 002, 0, 1, 'Suite', 40),
(102, 002, 1, 0, 'Semplice', 30),
(103, 002, 1, 0, 'Semplice', 30),
(101, 003, 1, 2, 'Suite', 40),
(102, 003, 1, 0, 'Semplice', 30),
(103, 003, 1, 0, 'Semplice', 30),
(201, 003, 2, 2, 'Suite', 40),
(202, 003, 1, 0, 'Semplice', 30),
(203, 003, 1, 0, 'Semplice', 30),
(101, 004, 1, 2, 'Suite', 50),
(102, 004, 1, 0, 'Semplice', 40),
(103, 004, 1, 0, 'Semplice', 40),
(201, 004, 2, 2, 'Suite', 100),
(202, 004, 1, 0, 'Semplice', 30),
(203, 004, 1, 0, 'Semplice', 30),
(101, 005, 1, 0, 'Semplice', 30),
(102, 005, 1, 0, 'Semplice', 30),
(103, 005, 1, 0, 'Semplice', 30),
(104, 005, 2, 2, 'Suite', 80),
(105, 005, 1, 2, 'Suite', 70),
(106, 005, 1, 0, 'Semplice', 30);

insert into PRENOTAZIONE_STANZA (Prenotazione, Stanza, Agriturismo, DataArrivo, DataPartenza) values
(001, 101, 001, '2019-02-01', '2019-02-05'),
(002, 102, 001, '2019-01-20', '2019-01-27'),
(003, 103, 001, '2019-10-20', '2019-10-29'), #serv agg 2019-10-22
(004, 102, 002, '2019-10-10', '2019-10-20'), #escur 2019-10-12
(005, 101, 002, '2019-10-02', '2019-10-15'), #serv agg 2019-10-02
(006, 103, 002, '2019-02-15', '2019-02-22'),
(007, 102, 003, '2019-02-18', '2019-02-28'), 
(008, 101, 003, '2019-09-30', '2019-10-05'), #serv agg 2019-10-01
(009, 103, 003, '2019-09-20', '2019-09-30'), #escur 2019-09-28
(010, 203, 003, '2019-04-12', '2019-04-20'),
(011, 202, 003, '2019-09-20', '2019-09-28'), #escur 2019-09-23
(012, 201, 003, '2019-08-26', '2019-08-30'), #serv agg 2019-08-26
(013, 101, 004, '2019-05-10', '2019-05-14'),
(014, 102, 004, '2019-08-18', '2019-08-24'), #escur 2019-08-20
(015, 103, 004, '2019-08-15', '2019-08-20'), #escur 2019-08-18
(016, 101, 005, '2019-06-18', '2019-06-24'),
(017, 104, 005, '2019-08-13', '2019-08-17'), #serv agg 2019-08-14
(018, 103, 005, '2019-08-15', '2019-08-24'),
(019, 102, 005, '2019-08-28', '2019-09-05'),
(020, 105, 005, '2019-09-02', '2019-09-10');

insert into STATO_IMPIANTO values
('2019-06-22 12:00:00', 001, 25, 10, 80),
('2019-06-22 12:00:00', 002, 25, 12, 80),
('2019-06-22 12:00:00', 003, 25, 10, 80),
('2019-06-22 12:00:00', 004, 25, 15, 85),
('2019-06-22 12:00:00', 005, 25, 10, 80),
('2019-06-22 12:00:00', 006, 24, 10, 80),
('2019-06-22 12:00:00', 007, 25, 10, 83),
('2019-06-22 12:00:00', 008, 25, 14, 80),
('2019-06-22 12:00:00', 009, 25, 10, 82),
('2019-06-22 12:00:00', 010, 25, 10, 80),
('2019-06-23 12:00:00', 001, 25, 15, 80),
('2019-06-23 12:00:00', 002, 25, 13, 82),
('2019-06-23 12:00:00', 003, 23, 10, 80),
('2019-06-23 12:00:00', 004, 25, 10, 80),
('2019-06-23 12:00:00', 005, 22, 12, 80),
('2019-06-23 12:00:00', 006, 25, 10, 80),
('2019-06-23 12:00:00', 007, 26, 10, 90),
('2019-06-23 12:00:00', 008, 25, 14, 80),
('2019-06-23 12:00:00', 009, 23, 10, 80),
('2019-06-23 12:00:00', 010, 25, 10, 83);

insert into STATO_SILOS values
('2019-06-22 12:00:00', 001, 180),
('2019-06-22 12:00:00', 002, 150),
('2019-06-22 12:00:00', 003, 50),
('2019-06-22 12:00:00', 004, 200),
('2019-06-22 12:00:00', 005, 140),
('2019-06-22 12:00:00', 006, 45),
('2019-06-22 12:00:00', 007, 130),
('2019-06-22 12:00:00', 008, 200),
('2019-06-22 12:00:00', 009, 120),
('2019-06-22 12:00:00', 010, 200),
('2019-06-22 00:00:00', 001, 180),
('2019-06-22 00:00:00', 002, 130),
('2019-06-22 00:00:00', 003, 200),
('2019-06-22 00:00:00', 004, 150),
('2019-06-22 00:00:00', 005, 140),
('2019-06-22 00:00:00', 006, 130),
('2019-06-22 00:00:00', 007, 120),
('2019-06-22 00:00:00', 008, 110),
('2019-06-22 00:00:00', 009, 130),
('2019-06-22 00:00:00', 010, 200);

insert into UNITA_PRODOTTO (Prodotto, Lotto, Peso) values
('Pecorino stagionato', 001, 1.5),
('Yogurt', 002, 1.0),
('Mozzarella', 004, 0.5),
('Mozzarella', 004, 0.5),
('Mozzarella', 004, 0.5),
('Mozzarella', 007, 0.5),
('Mozzarella', 007, 0.5),
('Mozzarella', 018, 0.5),
('Mozzarella', 018, 0.5),
('Mozzarella', 018, 0.5),
('Mozzarella', 018, 0.5),
('Mozzarella', 018, 0.5),
('Burrata', 018, 0.6),
('Burrata', 018, 0.6),
('Burrata', 018, 0.6),
('Burrata', 018, 0.6),
('Burrata', 018, 0.6),
('Burrata', 018, 0.6),
('Burrata', 018, 0.6),
('Burrata', 018, 0.6),
('Burrata', 018, 0.6),
('Burrata', 018, 0.6),
('Treccia', 018, 0.4),
('Treccia', 018, 0.4),
('Treccia', 018, 0.4),
('Treccia', 018, 0.4),
('Treccia', 018, 0.4),
('Treccia', 018, 0.4),
('Treccia', 018, 0.4),
('Treccia', 018, 0.4),
('Treccia', 018, 0.4),
('Treccia', 018, 0.4),
('Scamorza', 017, 0.55),
('Scamorza', 017, 0.55),
('Scamorza', 017, 0.55),
('Scamorza', 017, 0.55),
('Scamorza', 017, 0.55),
('Scamorza', 017, 0.55),
('Scamorza', 017, 0.55),
('Scamorza', 017, 0.45),
('Scamorza', 017, 0.45),
('Scamorza', 017, 0.45),
('Scamorza', 017, 0.45),
('Scamorza', 017, 0.45),
('Scamorza', 017, 0.45),
('Scamorza', 017, 0.48),
('Scamorza', 017, 0.48),
('Scamorza', 017, 0.48),
('Scamorza', 017, 0.48),
('Scamorza', 017, 0.48),
('Provola', 017, 0.52),
('Provola', 017, 0.52),
('Provola', 017, 0.52),
('Provola', 017, 0.52),
('Provola', 017, 0.52),
('Provola', 017, 0.52),
('Provola', 017, 0.59),
('Provola', 017, 0.59),
('Provola', 017, 0.59),
('Provola', 017, 0.59),
('Provola', 017, 0.59),
('Provola', 017, 0.59),
('Provola', 017, 0.47),
('Provola', 017, 0.47),
('Provola', 017, 0.47),
('Provola', 017, 0.47),
('Provola', 017, 0.47),
('Provola', 017, 0.47),
('Provola', 017, 0.47),
('Pecorino stagionato', 002, 1.5),
('Pecorino stagionato', 002, 1.4),
('Pecorino stagionato', 002, 1.55),
('Pecorino stagionato', 002, 1.45),
('Pecorino stagionato', 002, 1.35),
('Pecorino stagionato', 002, 1.4),
('Pecorino stagionato', 002, 1.5),
('Pecorino stagionato', 002, 1.55),
('Pecorino stagionato', 003, 1.56),
('Pecorino stagionato', 003, 1.57),
('Pecorino stagionato', 003, 1.45),
('Pecorino stagionato', 003, 1.47),
('Pecorino stagionato', 003, 1.46),
('Pecorino stagionato', 003, 1.38),
('Pecorino stagionato', 003, 1.41);



insert into PROCESSO_PRODUTTIVO values
(01, 001, 17, 30, 62),
(01, 002, 22, 35, 120),
(01, 003, 30, 35, 193),
(02, 001, 300, 50, 62),
(02, 002, 120, 40, 60),
(02, 003, 130, 25, 62),
(05, 001, 25, 25, 60),
(06, 001, 25, 25, 60),
(07, 001, 25, 25, 60),
(08, 001, 25, 25, 60),
(09, 001, 25, 25, 60),
(10, 001, 25, 25, 60),
(11, 001, 25, 25, 60),
(12, 001, 25, 25, 60),
(03, 001, 25, 25, 60),
(04, 001, 25, 25, 60),
(05, 002, 25, 60, 60),
(06, 002, 25, 90, 60),
(07, 002, 25, 100, 60),
(08, 002, 25, 23, 60),
(09, 002, 25, 85, 60),
(10, 002, 25, 35, 60),
(11, 002, 25, 120, 60),
(12, 002, 25, 145, 60),
(03, 002, 25, 123, 60),
(04, 002, 25, 144, 60),
(05, 003, 25, 25, 60),
(06, 003, 25, 25, 60),
(07, 003, 25, 25, 60),
(08, 003, 25, 25, 60),
(09, 003, 25, 25, 60),
(10, 003, 25, 25, 60),
(11, 003, 25, 25, 60),
(12, 003, 25, 25, 60),
(03, 003, 25, 25, 60),
(04, 003, 25, 25, 60),	
(05, 004, 25, 25, 60),
(06, 004, 25, 25, 60),
(07, 004, 25, 25, 60),
(08, 004, 25, 25, 60),
(09, 004, 25, 25, 60),
(10, 004, 25, 25, 60),
(11, 004, 25, 25, 60),
(12, 004, 25, 25, 60),
(03, 004, 25, 25, 60),
(04, 004, 25, 25, 60),
(13, 001, 20, 35, 25),
(14, 001, 20, 35, 25),
(15, 001, 20, 35, 25),
(16, 001, 20, 35, 25),
(17, 001, 20, 35, 25),
(18, 001, 20, 35, 25),
(19, 001, 20, 35, 25),
(20, 001, 20, 35, 25),
(21, 001, 20, 35, 25),
(22, 001, 20, 35, 25),
(13, 002, 30, 25, 60),
(14, 002, 30, 25, 60),
(15, 002, 30, 25, 60),
(16, 002, 30, 25, 60),
(17, 002, 30, 25, 60),
(18, 002, 30, 25, 60),
(19, 002, 30, 25, 60),
(20, 002, 30, 25, 60),
(21, 002, 30, 25, 60),
(22, 002, 30, 25, 60),
(13, 003, 40, 20, 30),
(14, 003, 40, 20, 30),
(15, 003, 40, 20, 30),
(16, 003, 40, 20, 30),
(17, 003, 40, 20, 30),
(18, 003, 40, 20, 30),
(19, 003, 40, 20, 30),
(20, 003, 40, 20, 30),
(21, 003, 40, 20, 30),
(22, 003, 40, 20, 30),
(13, 004, 15, 20, 15),
(14, 004, 15, 20, 15),
(15, 004, 15, 20, 15),
(16, 004, 15, 20, 15),
(17, 004, 15, 20, 15),
(18, 004, 15, 20, 15),
(19, 004, 15, 20, 15),
(20, 004, 15, 20, 15),
(21, 004, 15, 20, 15),
(22, 004, 15, 20, 15),
(23, 001, 25, 35, 60),
(24, 001, 25, 35, 60),
(25, 001, 25, 35, 60),
(26, 001, 25, 35, 60),
(27, 001, 25, 35, 60),
(28, 001, 25, 35, 60),
(29, 001, 25, 35, 60),
(30, 001, 25, 35, 60),
(31, 001, 25, 35, 60),
(32, 001, 25, 35, 60),
(23, 002, 45, 35, 55),
(24, 002, 45, 35, 55),
(25, 002, 45, 35, 55),
(26, 002, 45, 35, 55),
(27, 002, 45, 35, 55),
(28, 002, 45, 35, 55),
(29, 002, 45, 35, 55),
(30, 002, 45, 35, 55),
(31, 002, 45, 35, 55),
(32, 002, 45, 35, 55),
(23, 003, 30, 25, 35),
(24, 003, 30, 25, 35),
(25, 003, 30, 25, 35),
(26, 003, 30, 25, 35),
(27, 003, 30, 25, 35),
(28, 003, 30, 25, 35),
(29, 003, 30, 25, 35),
(30, 003, 30, 25, 35),
(31, 003, 30, 25, 35),
(32, 003, 30, 25, 35);

insert into VETERINARIO (Nome, Cognome) values
('Marco', 'Rossi'),
('Maria', 'Verdi'),
('Valerio', 'Bianchi'),
('Ginevra', 'Taddei'),
('Susanna', 'Fabbri');

insert into RIPRODUZIONE (Stato, Orario, Veterinario) values
('Successo', '2013-10-22 10:20:43', 001),
('Insuccesso', '2019-03-12 10:22:53', 002),
('Insuccesso', '2018-05-05 16:13:33', 003),
('Successo', '2018-05-01 09:20:43', 004),
('Successo', '2017-01-01 15:27:23', 005),
('Insuccesso', '2019-02-02 17:31:25', 006),
('Successo', NOW(), 001);

insert into SCHEDA_GESTAZIONE (CodiceRiproduzione, Veterinario, StatoGravidanza) values
(001, 001, 'Terminata'),
(004, 004, 'Interrotta'),
(005, 005, 'Terminata'),
(007, 001, 'Terminata');

insert into CONTROLLO (SchedaGestazione, Veterinario, DataProgrammata, DataEffettiva, Esito) values
(001, 002, '2013-11-22', '2013-11-22', 'Positivo'),
(001, 002, '2014-01-22', '2014-01-23', 'Positivo'),
(001, 002, '2014-03-24', '2014-03-24', 'Negativo'),
(001, 002, '2014-05-22', '2014-05-22', 'Positivo'),
(001, 002, '2014-07-18', '2014-07-15', 'Positivo'),
(002, 003, '2018-06-01', '2018-06-01', 'Negativo'),
(002, 003, '2018-08-05', '2018-07-28', 'Negativo'),
(002, 003, '2018-10-06', NULL, NULL),
(003, 001, '2017-02-01', '2017-02-01', 'Positivo'),
(003, 001, '2017-03-01', '2017-03-01', 'Positivo'),
(003, 001, '2017-04-01', '2017-04-01', 'Positivo'),
(003, 001, '2017-05-01', '2017-05-01', 'Positivo'),
(003, 001, '2017-06-01', '2017-06-01', 'Positivo');

insert into ESAME_DIAGNOSTICO values
(002, 003, '2014-03-26'),
(003, 006, '2018-06-10'),
(004, 007, '2018-07-30');

insert into DIMENSIONE values
('Bovino', 20, 10, 20, 5),
('Bovino', 30, 20, 30, 6),
('Bovino', 40, 30, 40, 6),
('Ovino', 25, 10, 20, 5),
('Ovino', 35, 20, 30, 6),
('Ovino', 45, 30, 40, 6),
('Caprino', 30, 10, 20, 5),
('Caprino', 40, 20, 30, 6),
('Caprino', 50, 30, 40, 6);

insert into DISTURBO_COMPORTAMENTALE values
(011, 'Aggressivita'),
(012, 'Ansia da separazione'),
(013, 'Paure e fobie'),
(014, 'Disturbi eliminatori'),
(015, 'Indisciplina'),
(016, 'Disubbidienza'),
(017, 'Distruttuvuta'),
(018, 'Minzione da sottomissione'),
(019, 'Stereotipie comportamentali'),
(020, 'Iperdipendenza');

insert into LESIONE values
(001, 'CosciaSx', 'Cutanea'),
(002, 'CosciaDx', 'Cutanea'),
(003, 'QuadricipiteSx', 'Stiramento'),
(004, 'QuadricipiteDx', 'Stiramento'),
(005, 'QuadricipiteSx', 'Strappo'),
(006, 'QuadricipiteDx', 'Strappo'),
(007, 'CosciaSx', 'Frattura'),
(008, 'CosciaDx', 'Frattura'),
(009, 'Testa', 'Cutanea'),
(010, 'Addome', 'Cutanea');

insert into ORARIO_PASTI (PrimoPasto, SecondoPasto, TerzoPasto) values
(09, 12, 18),
(10, 13, 19),
(09, 13, 18);

insert into LOCALE (Pavimentazione, OrientazioneFinestre, Larghezza, Altezza, Lunghezza, Allestimento, Stalla, Specie, AnimaliMax, OrarioPasti) values
('Pavimento pieno', 'N', 10, 5, 20, 001, 001, 'Bovino', 20, 001),
('Pavimento pieno', 'N', 10, 5, 20, 001, 001, 'Bovino', 20, 001),
('Pavimento forato', 'S', 10, 5, 20, 004, 002, 'Ovino', 25, 002),
('Pavimento forato', 'S', 10, 5, 20, 004, 002, 'Ovino', 25, 002),
('Pavimento pieno', 'O', 10, 5, 20, 007, 003, 'Caprino', 30, 003),
('Pavimento pieno', 'O', 10, 5, 20, 007, 003, 'Caprino', 30, 003),
('Pavimento pieno', 'E', 20, 6, 30, 002, 004, 'Bovino', 30, 001),
('Pavimento pieno', 'E', 20, 6, 30, 002, 004, 'Bovino', 30, 001),
('Pavimento forato', 'S', 20, 6, 30, 005, 005, 'Ovino', 35, 002),
('Pavimento forato', 'S', 20, 6, 30, 005, 005, 'Ovino', 35, 002),
('Pavimento pieno', 'N', 10, 5, 20, 001, 006, 'Bovino', 20, 001),
('Pavimento pieno', 'N', 10, 5, 20, 001, 006, 'Bovino', 20, 001),
('Pavimento forato', 'S', 10, 5, 20, 004, 007, 'Ovino', 25, 002),
('Pavimento forato', 'S', 10, 5, 20, 004, 007, 'Ovino', 25, 002),
('Pavimento pieno', 'O', 10, 5, 20, 007, 008, 'Caprino', 30, 003),
('Pavimento pieno', 'O', 10, 5, 20, 007, 008, 'Caprino', 30, 003),
('Pavimento pieno', 'E', 20, 6, 30, 002, 009, 'Bovino', 20, 001),
('Pavimento pieno', 'E', 20, 6, 30, 002, 009, 'Bovino', 30, 001),
('Pavimento forato', 'S', 20, 6, 30, 005, 010, 'Ovino', 35, 002),
('Pavimento forato', 'S', 20, 6, 30, 005, 010, 'Ovino', 35, 002);

insert into DISPOSITIVO_ILLUMINAZIONE (Tipologia, Locale) values
('Bovino', 001),
('Bovino', 001),
('Bovino', 002),
('Bovino', 002),
('Ovino', 003),
('Ovino', 003),
('Ovino', 004),
('Ovino', 004),
('Caprino', 005),
('Caprino', 005),
('Caprino', 006),
('Caprino', 006),
('Bovino', 007),
('Bovino', 007),
('Bovino', 008),
('Bovino', 008),
('Ovino', 009),
('Ovino', 009),
('Ovino', 010),
('Ovino', 010);

insert into SENSORI values
('2019-06-22 12:00:00', 001, 80, 43, 'Pulito', 'Effettuato'),
('2019-06-22 12:00:00', 002, 60, 25, 'Basso', NULL),
('2019-06-22 12:00:00', 003, 70, 53, 'Medio', NULL),
('2019-06-22 12:00:00', 004, 55, 53, 'Alto', 'Richiesto'),
('2019-06-22 12:00:00', 005, 67, 63, 'Alto', 'Richiesto'),
('2019-06-22 12:00:00', 006, 84, 56, 'Medio', NULL),
('2019-06-22 12:00:00', 007, 57, 33, 'Basso', NULL),
('2019-06-22 12:00:00', 008, 56, 56, 'Pulito', 'Effettuato'),
('2019-06-22 12:00:00', 009, 77, 64, 'Pulito', 'Effettuato'),
('2019-06-22 12:00:00', 010, 54, 67, 'Basso', NULL), 
('2019-06-22 12:00:00', 011, 80, 43, 'Pulito', 'Effettuato'),
('2019-06-22 12:00:00', 012, 60, 25, 'Basso', NULL),
('2019-06-22 12:00:00', 013, 70, 53, 'Medio', NULL),
('2019-06-22 12:00:00', 014, 55, 53, 'Alto', 'Richiesto'),
('2019-06-22 12:00:00', 015, 67, 63, 'Alto', 'Richiesto'),
('2019-06-22 12:00:00', 016, 84, 56, 'Medio', NULL),
('2019-06-22 12:00:00', 017, 57, 33, 'Basso', NULL),
('2019-06-22 12:00:00', 018, 56, 56, 'Pulito', 'Effettuato'),
('2019-06-22 12:00:00', 019, 77, 64, 'Pulito', 'Effettuato'),
('2019-06-22 12:00:00', 020, 54, 67, 'Basso', NULL),
('2019-11-28 11:00:00', 001, 53, 60, 'Basso', NULL);

insert into MANGIATOIA (Tipologia, Foraggio, Locale) values
('Bovino', 001, 001),
('Bovino', 002, 001),
('Bovino', 003, 002),
('Bovino', 004, 002),
('Ovino', 005, 003),
('Ovino', 006, 003),
('Ovino', 007, 004),
('Ovino', 008, 004),
('Caprino', 009, 005),
('Caprino', 010, 005),
('Caprino', 011, 006),
('Caprino', 012, 006),
('Bovino', 013, 007),
('Bovino', 014, 007),
('Bovino', 015, 008),
('Bovino', 016, 008),
('Ovino', 017, 009),
('Ovino', 018, 009),
('Ovino', 019, 010),
('Ovino', 020, 010);

insert into STATO_MANGIATOIA values
('2019-06-22 12:00:00', 001, 80),
('2019-06-22 12:00:00', 002, 40),
('2019-06-22 12:00:00', 003, 30),
('2019-06-22 12:00:00', 004, 50),
('2019-06-22 12:00:00', 005, 90),
('2019-06-22 12:00:00', 006, 100),
('2019-06-22 12:00:00', 007, 35),
('2019-06-22 12:00:00', 008, 24),
('2019-06-22 12:00:00', 009, 56),
('2019-06-22 12:00:00', 010, 42),
('2019-06-22 12:00:00', 011, 56),
('2019-06-22 12:00:00', 012, 64),
('2019-06-22 12:00:00', 013, 35),
('2019-06-22 12:00:00', 014, 64),
('2019-06-22 12:00:00', 015, 67),
('2019-06-22 12:00:00', 016, 33),
('2019-06-22 12:00:00', 017, 46),
('2019-06-22 12:00:00', 018, 53),
('2019-06-22 12:00:00', 019, 24),
('2019-06-22 12:00:00', 020, 45),
('2019-11-28 12:56:31', 001, 3),
('2019-11-28 16:29:27', 001, 4),
('2019-11-28 11:25:11', 001, 2),
('2019-11-28 10:10:05', 001, 2),
('2019-11-28 09:13:15', 001, 3),
('2019-11-28 11:21:28', 001, 4),
('2019-11-28 13:21:04', 001, 3),
('2019-11-28 14:07:53', 001, 2),
('2019-11-28 11:48:27', 001, 1),
('2019-11-28 10:52:56', 001, 5),
('2019-11-28 12:56:31', 002, 3),
('2019-11-28 08:29:27', 002, 4),
('2019-11-28 09:25:11', 002, 2),
('2019-11-28 10:10:05', 002, 2),
('2019-11-28 09:13:15', 002, 3),
('2019-11-28 13:21:28', 002, 4),
('2019-11-28 14:21:04', 002, 3),
('2019-11-28 13:07:53', 003, 2),
('2019-11-28 09:48:27', 003, 1),
('2019-11-28 10:52:56', 003, 5);

insert into MISURA values
('2019-09-22 10:00:00', 001, 20.0, 60.0),
('2019-09-22 10:00:00', 002, 20.5, 62.1),
('2019-09-22 10:00:00', 003, 21.0, 60.2),
('2019-09-22 10:00:00', 004, 20.0, 60.3),
('2019-09-22 10:00:00', 005, 21.2, 60.6),
('2019-09-22 10:00:00', 006, 20.8, 60.2),
('2019-09-22 10:00:00', 007, 20.3, 61.5),
('2019-09-22 18:00:00', 001, 21.2, 60.7),
('2019-09-22 18:00:00', 002, 21.3, 60.3),
('2019-09-22 18:00:00', 003, 19.9, 60.8),
('2019-09-22 18:00:00', 004, 20.4, 60.2),
('2019-09-22 18:00:00', 005, 20.2, 61.0),
('2019-09-22 18:00:00', 006, 20.6, 60.1),
('2019-09-22 18:00:00', 007, 20.2, 60.5),
('2019-09-22 02:00:00', 001, 21.4, 60.3),
('2019-09-22 02:00:00', 002, 20.0, 63.5),
('2019-09-22 02:00:00', 003, 20.7, 61.6),
('2019-09-22 02:00:00', 004, 20.4, 60.3),
('2019-09-22 02:00:00', 005, 21.3, 60.8),
('2019-09-22 02:00:00', 006, 20.8, 60.9),
('2019-09-22 02:00:00', 007, 20.9, 61.4),
('2019-11-28 07:15:00', 001, 20.5, 64.4);

insert into CONDIZIONATORE (Tipologia, Locale) values
('Bovino', 001),
('Bovino', 001),
('Bovino', 002),
('Bovino', 002),
('Ovino', 003),
('Ovino', 003),
('Ovino', 004),
('Ovino', 004),
('Caprino', 005),
('Caprino', 005),
('Caprino', 006),
('Caprino', 006),
('Bovino', 007),
('Bovino', 007),
('Bovino', 008),
('Bovino', 008),
('Ovino', 009),
('Ovino', 009),
('Ovino', 010),
('Ovino', 010);

insert into ANIMALE (Sesso, Specie, Famiglia, Razza, DataNascita, Altezza, Peso, Locale, Padre, Madre) values
('F', 'Bovino', 'Bovidi', 'Frisona', '2011-03-13', 150, 750, 001, NULL, NULL),
('F', 'Bovino', 'Bovidi', 'Frisona', '2011-06-12', 160, 650, 001, NULL, NULL),
('F', 'Bovino', 'Bovidi', 'Frisona', '2011-08-20', 140, 700, 001, NULL, NULL),
('F', 'Bovino', 'Bovidi', 'Frisona', '2011-09-19', 160, 740, 001, NULL, NULL),
('F', 'Bovino', 'Bovidi', 'Frisona', '2011-10-05', 130, 730, 001, NULL, NULL),
('F', 'Bovino', 'Bovidi', 'Frisona', '2012-01-04', 160, 750, 001, 011, 003),
('F', 'Bovino', 'Bovidi', 'Frisona', '2012-09-23', 140, 730, 001, NULL, NULL),
('F', 'Bovino', 'Bovidi', 'Frisona', '2013-05-21', 160, 720, 001, NULL, NULL),
('F', 'Bovino', 'Bovidi', 'Frisona', '2014-06-08', 150, 710, 001, 011, 005),
('F', 'Bovino', 'Bovidi', 'Frisona', '2014-06-21', 160, 780, 001, 011, 004),
('M', 'Bovino', 'Bovidi', 'Bos', '2010-02-06', 170, 1000, 001, NULL, NULL), 
('M', 'Bovino', 'Bovidi', 'Bos', '2011-01-22', 180, 1050, 002, NULL, NULL),
('F', 'Bovino', 'Bovidi', 'Bruna', '2015-04-09', 150, 760, 002, NULL, NULL),
('F', 'Bovino', 'Bovidi', 'Bruna', '2015-09-07', 150, 780, 002, NULL, NULL),
('F', 'Bovino', 'Bovidi', 'Bruna', '2015-10-20', 160, 740, 002, NULL, NULL),
('F', 'Bovino', 'Bovidi', 'Bruna', '2015-12-02', 150, 720, 002, NULL, NULL),
('F', 'Bovino', 'Bovidi', 'Bruna', '2016-03-31', 140, 700, 002, NULL, NULL),
('F', 'Bovino', 'Bovidi', 'Bruna', '2016-04-02', 160, 720, 002, NULL, NULL),
('F', 'Bovino', 'Bovidi', 'Bruna', '2017-02-05', 130, 710, 002, 012, 013),
('F', 'Bovino', 'Bovidi', 'Bruna', '2018-02-17', 120, 650, 002, 012, 014),
('F', 'Bovino', 'Bovidi', 'Bruna', '2018-12-06', 100, 640, 002, NULL, NULL),
('F', 'Bovino', 'Bovidi', 'Bruna', '2019-02-18', 100, 450, 002, 012, 015),
('M', 'Ovino', 'Bovidi', 'Montone', '2010-01-18', 100, 90, 003, NULL, NULL),
('M', 'Ovino', 'Bovidi', 'Montone', '2010-03-14', 110, 95, 004, NULL, NULL),
('F', 'Ovino', 'Bovidi', 'Massese', '2010-04-30', 90, 80, 003, NULL, NULL),
('F', 'Ovino', 'Bovidi', 'Massese', '2012-05-28', 100, 85, 003, NULL, NULL),
('F', 'Ovino', 'Bovidi', 'Massese', '2012-11-26', 95, 90, 003, NULL, NULL),
('F', 'Ovino', 'Bovidi', 'Massese', '2014-04-19', 100, 90, 003, 023, 025),
('F', 'Ovino', 'Bovidi', 'Massese', '2017-08-17', 90, 90, 003, NULL, NULL),
('F', 'Ovino', 'Bovidi', 'Massese', '2019-01-27', 95, 88, 003, 023, 026),
('F', 'Ovino', 'Bovidi', 'Massese', '2019-02-20', 80, 70, 003, NULL, NULL),
('F', 'Ovino', 'Bovidi', 'Massese', '2019-04-01', 80, 75, 003, 023, 027),
('F', 'Ovino', 'Bovidi', 'Massese', '2019-05-03', 75, 70, 003, NULL, NULL),
('F', 'Ovino', 'Bovidi', 'Massese', '2019-08-01', 60, 55, 003, 023, 028),
('F', 'Ovino', 'Bovidi', 'Marrana', '2010-07-03', 90, 85, 004, NULL, NULL),
('F', 'Ovino', 'Bovidi', 'Marrana', '2011-12-27', 85, 80, 004, NULL, NULL),
('F', 'Ovino', 'Bovidi', 'Marrana', '2012-07-16', 80, 70, 004, 024, 035),
('F', 'Ovino', 'Bovidi', 'Marrana', '2012-11-20', 75, 70, 004, NULL, NULL),
('F', 'Ovino', 'Bovidi', 'Marrana', '2014-10-23', 80, 70, 004, NULL, NULL),
('F', 'Ovino', 'Bovidi', 'Marrana', '2014-12-15', 80, 70, 004, NULL, NULL),
('F', 'Ovino', 'Bovidi', 'Marrana', '2017-05-14', 70, 65, 004, 024, 036),
('F', 'Ovino', 'Bovidi', 'Marrana', '2018-12-29', 70, 70, 004, NULL, NULL),
('F', 'Ovino', 'Bovidi', 'Marrana', '2019-04-02', 60, 60, 004, 024, 037),
('F', 'Ovino', 'Bovidi', 'Marrana', '2019-04-19', 65, 68, 004, NULL, NULL),
('M', 'Caprino', 'Bovidi', 'Caprone', '2010-02-01', 55, 100, 005, NULL, NULL),
('M', 'Caprino', 'Bovidi', 'Caprone', '2010-02-06', 60, 90, 006, NULL, NULL),
('F', 'Caprino', 'Bovidi', 'Garganica', '2011-02-17', 55, 90, 005, NULL, NULL),
('F', 'Caprino', 'Bovidi', 'Garganica', '2011-08-15', 60, 100, 005, NULL, NULL),
('F', 'Caprino', 'Bovidi', 'Garganica', '2011-10-05', 55, 95, 005, NULL, NULL),
('F', 'Caprino', 'Bovidi', 'Garganica', '2012-08-18', 50, 90, 005, NULL, NULL),
('F', 'Caprino', 'Bovidi', 'Garganica', '2012-09-27', 50, 90, 005, NULL, NULL),
('F', 'Caprino', 'Bovidi', 'Garganica', '2015-12-05', 50, 95, 005, NULL, NULL),
('F', 'Caprino', 'Bovidi', 'Garganica', '2016-05-18', 48, 85, 005, NULL, NULL),
('F', 'Caprino', 'Bovidi', 'Garganica', '2017-01-13', 55, 70, 005, 045, 047),
('F', 'Caprino', 'Bovidi', 'Garganica', '2017-04-11', 50, 75, 005, NULL, NULL),
('F', 'Caprino', 'Bovidi', 'Garganica', '2017-09-14', 45, 60, 005, 045, 048),
('F', 'Caprino', 'Bovidi', 'Girgentana', '2010-05-21', 55, 90, 006, NULL, NULL),
('F', 'Caprino', 'Bovidi', 'Girgentana', '2011-09-02', 60, 90, 006, NULL, NULL),
('F', 'Caprino', 'Bovidi', 'Girgentana', '2011-12-20', 55, 85, 006, NULL, NULL),
('F', 'Caprino', 'Bovidi', 'Girgentana', '2014-07-06', 55, 70, 006, 046, 057),
('F', 'Caprino', 'Bovidi', 'Girgentana', '2015-07-06', 60, 65, 006, NULL, NULL),
('F', 'Caprino', 'Bovidi', 'Girgentana', '2016-12-13', 58, 65, 006, NULL, NULL),
('F', 'Caprino', 'Bovidi', 'Girgentana', '2017-04-07', 45, 60, 006, 046, 058),
('F', 'Caprino', 'Bovidi', 'Girgentana', '2017-06-30', 45, 70, 006, NULL, NULL),
('F', 'Caprino', 'Bovidi', 'Girgentana', '2018-10-11', 45, 60, 006, 046, 059),
('F', 'Caprino', 'Bovidi', 'Girgentana', '2019-08-30', 40, 50, 006, 046, 060),
('F', 'Bovino', 'Bovidi', 'Bruna', '2017-03-05', 130, 710, 007, 012, 013),
('F', 'Bovino', 'Bovidi', 'Bruna', '2017-02-06', 130, 712, 007, 012, 015),
('F', 'Bovino', 'Bovidi', 'Bruna', '2018-01-05', 130, 713, 007, 012, 016),
('F', 'Bovino', 'Bovidi', 'Bruna', '2018-04-01', 130, 718, 007, 012, 017);

insert into VISITA (Animale, Data, Veterinario, MassaMagra, MassaGrassa) values
(002, '2018-01-08', 001, 5, 30), 
(002, '2018-02-08', 001, 10, 25),
(002, '2018-04-15', 001, 15, 20),
(002, '2018-07-18', 002, 20, 15),
(002, '2018-10-05', 001, 25, 10),
(002, '2018-12-31', 002, 30, 5),
(002, '2019-02-24', 001, 35, 10),
(002, '2019-07-23', 001, 50, 10),
(004, '2018-01-17', 002, 4, 32),
(008, '2018-02-23', 003, 8, 15),
(012, '2018-02-28', 004, 6, 28),
(022, '2018-06-05', 005, 5, 24),
(032, '2018-07-10', 004, 8, 25),
(033, '2018-07-20', 003, 9, 23),
(045, '2018-08-21', 002, 11, 19),
(021, '2018-08-28', 001, 5, 31),
(026, '2018-09-11', 002, 4, 28),
(065, '2018-09-23', 003, 5, 29),
(042, '2018-10-15', 004, 2, 27),
(013, '2018-10-22', 005, 7, 27),
(043, '2018-12-01', 004, 4, 25),
(023, '2018-12-03', 003, 2, 24),
(048, '2019-03-10', 002, 7, 23),
(039, '2019-05-09', 001, 8, 21),
(017, '2019-06-11', 002, 9, 28),
(027, '2019-08-18', 003, 4, 29),
(026, '2019-09-09', 004, 5, 30),
(004, '2019-05-03', 001, 10, 28);

insert into INDICATORI_OGGETTIVI values 
(001, 3.2, 16.5, 4000, 4.5, 15.0, 150000, 10.5, 11.9, 60, 90, 220.5, 30.5, NULL), 
(002, 4.5, 20.4, 10000, 5.8, 20.0, 400000, 12.6, 12.9, 90, 100, 200.2, NULL, 10.0),
(003, 4.2, 18.8, 8000, 4.8, 16.5, 200000, 47.2, 13.8, 70, 110, 210.0, 210.4, 100.5),
(004, 3.8, 15.2, 6500, 4.9, 17.8, 250000, 21.9, 44.9, 75, 100, 220.0, NULL, 35.8),
(005, 3.9, 17.7, 7800, 5.0, 18.9, 300000, 32.8, 33.9, 65, 120, 208.9, 45.9, NULL),
(006, 4.0, 16.8, 7600, 5.2, 16.5, 350000, 33.9, 35.8, 80, 110, 201.8, 52.4, NULL),
(007, 4.1, 17.3, 7700, 4.9, 17.8, 200000, 45.6, 26.8, 85, 115, 210.6, 53.6, NULL),
(008, 3.8, 19.8, 7900, 4.9, 18.9, 250000, 47.8, 26.8, 75, 110, 205.9, NULL, 23.4),
(010, 3.9, 18.8, 8800, 4.5, 19.6, 150000, 44.9, 27.9, 70, 115, 204.8, 57.8, NULL),
(013, 4.0, 17.7, 9000, 4.7, 19.6, 400000, 43.6, 15.5, 75, 95, 203.5, 67.8, NULL);

insert into INDICI_SALUTE values
(001, 4, NULL, 4, NULL, 3, 6),
(002, 5, NULL, 5, NULL, 2, 5),
(005, 6, NULL, 3, NULL, 3, 4),
(008, 5, NULL, 2, NULL, 3, 5),
(011, 5, NULL, 3, NULL, 2, 8),
(012, 2, 'Asmatico', 4, 5, NULL, 9),
(013, 7, NULL, 7, 3, NULL, 8),
(014, 4, NULL, 8, 6, NULL, 7),
(015, 2, NULL, 9, 8, 4, 5),
(016, 7, NULL, 3, 2, 8, NULL),
(017, 8, NULL, 7, NULL, 3, 9),
(018, 9, NULL, 6, 7, 9, 8),
(019, 4, 'Affannato', 5, NULL, NULL,8),
(020, 5, NULL, 8, 6, 9, NULL),
(21, 4, 'Affannato', 4, NULL, 8, 8);

insert into VENDITA values
(001, 123456789123, '2010-03-07', '2010-02-10'),
(003, 987654321023, '2011-03-20', '2010-03-15'),
(004, 112234564325, '2011-07-01', '2011-06-30'),
(006, 123456642247, '2011-10-10', '2010-09-30'),
(009, 134758902018, '2012-02-20', '2012-02-01'),
(010, 123456789123, '2013-05-25', '2013-05-24'),
(013, 987654321023, '2015-05-10', '2015-04-15'),
(014, 112234564325, '2015-09-30', '2015-09-20'),
(015, 123456642247, '2015-10-28', '2015-10-25'),
(017, 134758902018, '2016-04-20', '2016-04-10'),
(018, 123456789123, '2016-05-01', '2016-04-15'),
(021, 987654321023, '2018-12-23', '2018-12-10'),
(026, 112234564325, '2012-06-30', '2012-06-01'),
(027, 123456642247, '2012-12-30', '2012-12-10'),
(029, 134758902018, '2017-09-10', '2017-09-01'),
(031, 123456789123, '2019-03-15', '2019-03-10'),
(033, 987654321023, '2019-05-30', '2019-05-20'),
(064, 112234564325, '2017-07-25', '2017-07-10'),
(062, 123456642247, '2017-01-15', '2017-01-02'),
(059, 134758902018, '2013-01-20', '2013-01-05');

insert into TENTATIVO values
(011, 001),
(004, 001),
(012, 002),
(016, 002),
(023, 003),
(027, 003),
(024, 004),
(037, 004),
(045, 005),
(048, 005),
(046, 006),
(059, 006),
(011, 007),
(003, 007);

insert into SVOLGIMENTO values
(001, 001),
(002, 002); 

insert into QUARANTENA (Animale, DataInizio, DataFine) values 
(067, '2019-02-02', '2019-03-25'),
(068, '2019-06-05', '2019-06-30'),
(069, '2018-08-06', '2018-09-05'),
(070, '2019-09-25', NULL),
(018, '2019-09-28', NULL);

insert into POSIZIONE values
(001, '09:30:00', 15.65410, 30.65505),
(001, '09:31:00', 15.65415, 30.65510),
(001, '09:32:00', 15.65415, 30.65515),
(001, '09:33:00', 15.65430, 30.65530),
(001, '09:34:00', 15.65430, 30.65530),
(001, '09:35:00', 15.65430, 30.65530),
(001, '09:36:00', 15.65430, 30.65530),
(001, '09:37:00', 15.65435, 30.65535),
(001, '09:38:00', 15.65440, 30.65535),
(001, '09:39:00', 15.65450, 30.65540),
(001, '09:40:00', 15.65455, 30.65535),
(001, '09:41:00', 15.65460, 30.65540),
(001, '09:42:00', 15.65470, 30.65550),
(001, '09:43:00', 15.65470, 30.65550),
(001, '09:44:00', 15.65470, 30.65550),
(001, '09:45:00', 15.65465, 30.65560),
(001, '09:46:00', 15.65460, 30.65565),
(001, '09:47:00', 15.65465, 30.65570),
(001, '09:48:00', 15.65470, 30.65570),
(001, '09:49:00', 15.65460, 30.65565),
(001, '09:50:00', 15.65455, 30.65560),
(001, '09:51:00', 15.65460, 30.65555),
(001, '09:52:00', 15.65450, 30.65550),
(001, '09:53:00', 15.65450, 30.65550),
(001, '09:54:00', 15.65450, 30.65550),
(001, '09:55:00', 15.65450, 30.65550),
(001, '09:56:00', 15.65445, 30.65550),
(001, '09:57:00', 15.65440, 30.65540),
(001, '09:58:00', 15.65430, 30.65535),
(001, '09:59:00', 15.65420, 30.65545),
(001, '10:00:00', 15.65430, 30.65550),

(002, '09:30:00', 15.65410, 30.65505),
(002, '09:31:00', 15.65414, 30.65517),
(002, '09:32:00', 15.65425, 30.65520),
(002, '09:33:00', 15.65430, 30.65524),
(002, '09:34:00', 15.65435, 30.65529),
(002, '09:35:00', 15.65435, 30.65529),
(002, '09:36:00', 15.65430, 30.65535),
(002, '09:37:00', 15.65440, 30.65545),
(002, '09:38:00', 15.65440, 30.65545),
(002, '09:39:00', 15.65435, 30.65545),
(002, '09:40:00', 15.65445, 30.65550),
(002, '09:41:00', 15.65455, 30.65545),
(002, '09:42:00', 15.65465, 30.65550),
(002, '09:43:00', 15.65470, 30.65555),
(002, '09:44:00', 15.65470, 30.65560),
(002, '09:45:00', 15.65470, 30.65560),
(002, '09:46:00', 15.65470, 30.65560),
(002, '09:47:00', 15.65465, 30.65565),
(002, '09:48:00', 15.65470, 30.65560),
(002, '09:49:00', 15.65460, 30.65555),
(002, '09:50:00', 15.65450, 30.65545),
(002, '09:51:00', 15.65450, 30.65550),
(002, '09:52:00', 15.65450, 30.65555),
(002, '09:53:00', 15.65450, 30.65550),
(002, '09:54:00', 15.65455, 30.65545),
(002, '09:55:00', 15.65445, 30.65540),
(002, '09:56:00', 15.65440, 30.65545),
(002, '09:57:00', 15.65435, 30.65550),
(002, '09:58:00', 15.65430, 30.65560),
(002, '09:59:00', 15.65435, 30.65555),
(002, '10:00:00', 15.65430, 30.65550),

(003, '09:30:00', 15.65430, 30.65550),
(003, '09:31:00', 15.65432, 30.65556),
(003, '09:32:00', 15.65445, 30.65555),
(003, '09:33:00', 15.65450, 30.65550),
(003, '09:34:00', 15.65450, 30.65550),
(003, '09:35:00', 15.65455, 30.65545),
(003, '09:36:00', 15.65450, 30.65550),
(003, '09:37:00', 15.65460, 30.65560),
(003, '09:38:00', 15.65465, 30.65555),
(003, '09:39:00', 15.65470, 30.65550),
(003, '09:40:00', 15.65465, 30.65545),
(003, '09:41:00', 15.65455, 30.65540),
(003, '09:42:00', 15.65450, 30.65530),
(003, '09:43:00', 15.65445, 30.65535),
(003, '09:44:00', 15.65450, 30.65545),
(003, '09:45:00', 15.65445, 30.65550),
(003, '09:46:00', 15.65450, 30.65550),
(003, '09:47:00', 15.65450, 30.65550),
(003, '09:48:00', 15.65440, 30.65545),
(003, '09:49:00', 15.65430, 30.65540),
(003, '09:50:00', 15.65435, 30.65535),
(003, '09:51:00', 15.65430, 30.65530),
(003, '09:52:00', 15.65420, 30.65535),
(003, '09:53:00', 15.65415, 30.65530),
(003, '09:54:00', 15.65405, 30.65525),
(003, '09:55:00', 15.65410, 30.65530),
(003, '09:56:00', 15.65420, 30.65535),
(003, '09:57:00', 15.65425, 30.65540),
(003, '09:58:00', 15.65435, 30.65545),
(003, '09:59:00', 15.65430, 30.65550),
(003, '10:00:00', 15.65431, 30.65551),

(004, '10:00:00', 15.65430, 30.65551),
(005, '10:00:00', 15.65431, 30.65550),
(006, '10:00:00', 15.65431, 30.65550),
(007, '10:00:00', 15.65430, 30.65549),
(008, '10:00:00', 15.65431, 30.65551),
(009, '10:00:00', 15.65431, 30.65550),
(010, '10:00:00', 15.65430, 30.65542),
(011, '10:00:00', 15.65430, 30.65549),
(012, '10:00:00', 15.65430, 30.65550),
(013, '10:00:00', 15.65431, 30.65546),
(014, '10:00:00', 15.65432, 30.65547),
(015, '10:00:00', 15.65430, 30.65547),
(016, '10:00:00', 15.65431, 30.65546),
(017, '10:00:00', 15.65431, 30.65545),
(018, '10:00:00', 15.65429, 30.65545),
(019, '10:00:00', 15.65430, 30.65546),
(020, '10:00:00', 15.65431, 30.65547),
(021, '10:00:00', 15.65431, 30.65546),
(022, '10:00:00', 15.65429, 30.65547); 

insert into ESORDIO (Patologia, Animale, DataEsordio, Entita, DataGuarigione) values
(001, 003, '2015-01-21', 7, '2015-02-25'),
(002, 016, '2015-01-25', 6, '2015-02-27'),
(011, 049, '2015-02-01', 9, '2015-02-15'),
(015, 036, '2015-02-11', 2, '2015-02-25'),
(006, 035, '2015-03-20', 9, '2015-04-08'),
(008, 025, '2015-05-11', 4, '2015-05-25'),
(003, 047, '2015-08-28', 7, '2015-09-12'),
(048, 024, '2015-09-09', 3, '2015-09-25'),
(016, 022, '2016-01-29', 1, '2016-02-15'),
(019, 026, '2016-07-23', 8, '2016-07-29'),
(012, 063, '2016-11-21', 5, '2016-12-06'),
(003, 011, '2017-03-15', 3, '2017-04-05'),
(004, 046, '2017-04-07', 9, NULL),
(020, 007, '2017-05-30', 4, '2017-06-14'),
(014, 033, '2017-12-01', 3, '2018-01-04'),
(006, 045, '2018-01-20', 7, '2018-02-11'),
(008, 046, '2018-03-08', 4, '2018-03-18'),
(009, 023, '2018-09-14', 8, '2018-09-24'),
(010, 042, '2019-08-13', 2, '2019-08-18'),
(018, 001, '2019-07-03', 9, NULL),
(003, 004, '2019-02-01', 3, '2019-02-15'),
(001, 002, '2016-05-03', 2, '2016-06-10'),
(016, 002, '2018-03-16', 4, '2018-03-23'),
(010, 002, '2019-01-01', 3, '2019-01-15');

insert into TERAPIA (Esordio, DataInizio, Rimedio, Veterinario, DataFine) values
(001, '2015-01-22', 'Curofen', 001, '2015-02-25'),
(002, '2015-01-25', 'Plenix', 002, '2015-02-27'),
(003, '2015-02-02', 'Bihor', 003, '2015-02-15'),
(004, '2015-02-13', 'Bogras', 004, '2015-02-25'),
(005, '2015-03-22', 'Boviferm', 005, '2015-04-08'),
(006, '2015-05-11', 'Bovikalc', 005, '2015-05-25'),
(007, '2015-08-28', 'Curofen', 004, '2015-09-12'),
(008, '2015-09-10', 'Plenix', 003, '2015-09-25'),
(009, '2016-01-27', 'Bihor', 002, '2016-02-15'),
(010, '2016-07-24', 'Bogras', 001, '2016-07-29'),
(011, '2016-11-21', 'Boviferm', 001, '2016-12-06'),
(012, '2017-03-16', 'Bovikalc', 002, '2017-04-05'),
(013, '2017-04-07', 'Curofen', 003, '2017-06-08'),
(014, '2017-05-30', 'Plenix', 004, '2017-06-14'),
(015, '2017-12-02', 'Bihor', 005, '2018-01-04'),
(016, '2018-01-22', 'Bogras', 005, '2018-02-11'),
(017, '2018-03-09', 'Boviferm', 004, '2018-03-18'),
(018, '2018-09-15', 'Bovikalc', 003, '2018-09-24'),
(019, '2019-08-13', 'Curofen', 002, '2019-08-18'),
(020, '2019-08-26', 'Plenix', 001, '2019-09-03'),
(020, '2019-09-04', 'Boviferm', 001, '2019-10-01'),
(022, '2016-05-06', 'Boviferm', 001, '2016-06-10'),
(023, '2018-03-17', 'Bovikalc', 002, '2018-03-23'),
(024, '2019-01-02', 'Curofen', 001, '2019-01-16');


insert into MUNGITURA (Animale, Orario, Quantita, Mungitrice, Latte, Silos) values
(003, '2019-01-25 03:37:40', 20, 001, 001, 008),
(010, '2019-05-23 17:45:41', 22, 001, 001, 002),
(013, '2019-05-17 23:49:56', 19, 001, 001, 006),
(020, '2019-08-12 23:40:53', 24, 001, 001, 003),
(025, '2019-09-08 12:41:57', 15, 002, 002, 006),
(027, '2019-09-28 23:04:54', 16, 002, 002, 008),
(033, '2019-04-14 18:13:43', 14, 003, 002, 010),
(036, '2019-04-06 23:38:58', 13, 003, 002, 012),
(044, '2019-03-18 13:08:06', 18, 003, 002, 004),
(048, '2019-06-22 21:13:14', 7, 004, 003, 006),
(050, '2019-09-15 09:44:11', 6, 005, 003, 002),
(054, '2019-02-17 10:42:43', 7, 005, 003, 006),
(056, '2019-10-19 01:07:24', 8, 005, 003, 002),
(062, '2019-03-25 18:55:15', 5, 005, 003, 004),
(065, '2019-06-15 01:25:02', 7, 006, 003, 006),
(005, '2019-05-03 13:40:38', 22, 007, 004, 007),
(008, '2019-05-10 02:49:47', 23, 007, 004, 005),
(022, '2019-05-02 01:49:35', 26, 008, 004, 009),
(018, '2019-09-24 09:30:00', 25, 008, 004, 014),
(001, '2019-07-09 12:25:10', 15, 001, 001, 001),
(001, '2019-07-12 21:34:09', 10, 001, 001, 001),
(001, '2019-08-23 15:12:09', 18, 001, 001, 002),
(012, '2019-10-01 09:30:00', 24, 008, 004, 015);

insert into CONTRIBUZIONE values
(004, 002),
(010, 001),
(013, 001),
(020, 001),
(025, 002),
(027, 002),
(033, 002),
(036, 002),
(044, 002),
(048, 003),
(050, 003),
(054, 003),
(056, 003),
(062, 003),
(065, 003),
(005, 004),
(008, 004),
(022, 004),
(018, 004),
(012, 004);

insert into ABBEVERATOIO (Tipologia, Locale, Acqua) values
('Bovino', 001, 001),
('Bovino', 001, 001),
('Bovino', 002, 002),
('Bovino', 002, 002),
('Ovino', 003, 003),
('Ovino', 003, 003),
('Ovino', 004, 004),
('Ovino', 004, 004),
('Caprino', 005, 005),
('Caprino', 005, 005),
('Caprino', 006, 001),
('Caprino', 006, 001),
('Bovino', 007, 002),
('Bovino', 007, 002),
('Bovino', 008, 003),
('Bovino', 008, 003),
('Ovino', 009, 004),
('Ovino', 009, 004),
('Ovino', 010, 005),
('Ovino', 010, 005);

insert into STATO_ABBEVERATOIO values
('2019-06-22 12:00:00', 001, 2),
('2019-06-22 12:00:00', 002, 3),
('2019-06-22 12:00:00', 003, 0),
('2019-06-22 12:00:00', 004, 1),
('2019-06-22 12:00:00', 005, 5),
('2019-06-22 12:00:00', 006, 2),
('2019-06-22 12:00:00', 007, 4),
('2019-06-22 12:00:00', 008, 3),
('2019-06-22 12:00:00', 009, 1),
('2019-06-22 12:00:00', 010, 2),
('2019-06-22 00:00:00', 001, 4),
('2019-06-22 00:00:00', 002, 2),
('2019-06-22 00:00:00', 003, 3),
('2019-06-22 00:00:00', 004, 1),
('2019-06-22 00:00:00', 005, 0),
('2019-06-22 00:00:00', 006, 5),
('2019-06-22 00:00:00', 007, 3),
('2019-06-22 00:00:00', 008, 5),
('2019-06-22 00:00:00', 009, 4),
('2019-06-22 00:00:00', 010, 2),
('2019-11-28 12:56:31', 001, 3),
('2019-11-28 14:29:27', 001, 4),
('2019-11-28 09:25:11', 001, 2),
('2019-11-28 10:10:05', 001, 2),
('2019-11-28 11:13:15', 001, 3),
('2019-11-28 12:21:28', 001, 4),
('2019-11-28 13:21:04', 001, 3),
('2019-11-28 14:07:53', 001, 2),
('2019-11-28 09:48:27', 001, 1),
('2019-11-28 08:52:56', 001, 5),
('2019-11-28 09:56:31', 002, 3),
('2019-11-28 10:29:27', 002, 4),
('2019-11-28 12:25:11', 002, 2),
('2019-11-28 13:10:05', 002, 2),
('2019-11-28 14:13:15', 002, 3),
('2019-11-28 15:21:28', 002, 4),
('2019-11-28 11:21:04', 002, 3),
('2019-11-28 10:07:53', 003, 2),
('2019-11-28 11:48:27', 003, 1),
('2019-11-28 12:52:56', 003, 5);

insert into COORDINATE values
(001, 15.65428, 30.65548, 15.65432, 30.65552),
(002, 15.65428, 30.65544, 15.65432, 30.65548);

insert into COLLOCAZIONE_CANTINA values
(001, 001, 033, '2019-06-15'),
(001, 001, 034, '2019-06-15'),
(001, 001, 035, '2019-06-15'),
(001, 001, 036, '2019-06-15'),
(001, 001, 037, '2019-06-15'),
(001, 001, 038, '2019-06-15'),
(001, 001, 039, '2019-06-15'),
(001, 001, 040, '2019-06-15'),
(001, 001, 041, '2019-06-15'),
(001, 001, 042, '2019-06-15'),
(002, 001, 070, '2019-02-10'),
(002, 001, 071, '2019-02-10'),
(002, 001, 072, '2019-02-10'),
(002, 001, 073, '2019-02-10'),
(002, 001, 074, '2019-02-10'),
(002, 001, 075, '2019-02-10'),
(002, 001, 076, '2019-02-10'),
(002, 001, 077, '2019-02-10'),
(002, 001, 078, '2019-02-20'),
(002, 001, 079, '2019-02-20'),
(003, 001, 080, '2019-02-20'),
(003, 001, 081, '2019-02-20'),
(003, 001, 082, '2019-02-20'),
(003, 001, 083, '2019-02-20'),
(003, 001, 084, '2019-02-20');

insert into COLLOCAZIONE_MAGAZZINO values
(001, 001, 003),
(001, 001, 004),
(001, 001, 005),
(001, 001, 006),
(001, 001, 007),
(001, 001, 008),
(001, 001, 009),
(001, 001, 010),
(001, 001, 011),
(001, 001, 012);